phi_mean,thrust_level
0.7542372881355931,0.07
1.0629539951573852,0.3
1.4322033898305087,0.65
1.6622276029055687,0.85
1.7711864406779658,1.0
